#term ID	term description	observed gene count	background gene count	strength	false discovery rate	matching proteins in your network (IDs)	matching proteins in your network (labels)
GO:0022626	Cytosolic ribosome	4	97	1.83	0.00054	9606.ENSP00000363018,9606.ENSP00000403172,9606.ENSP00000449026,9606.ENSP00000470972	RPL10A,RPL6,ENSP00000449026,RPS19
GO:0042788	Polysomal ribosome	3	32	2.18	0.00097	9606.ENSP00000363018,9606.ENSP00000403172,9606.ENSP00000449026	RPL10A,RPL6,ENSP00000449026
GO:0044391	Ribosomal subunit	4	178	1.56	0.0019	9606.ENSP00000363018,9606.ENSP00000403172,9606.ENSP00000449026,9606.ENSP00000470972	RPL10A,RPL6,ENSP00000449026,RPS19
GO:0022625	Cytosolic large ribosomal subunit	3	56	1.94	0.0024	9606.ENSP00000363018,9606.ENSP00000403172,9606.ENSP00000449026	RPL10A,RPL6,ENSP00000449026
GO:1990904	Ribonucleoprotein complex	5	677	1.08	0.0079	9606.ENSP00000363018,9606.ENSP00000403172,9606.ENSP00000449026,9606.ENSP00000470972,9606.ENSP00000478982	RPL10A,RPL6,ENSP00000449026,RPS19,RPP38
