p_val,avg_log2FC,pct.1,pct.2,p_val_adj,module,group
2.79427921062153e-198,5.15016453488496,0.517,0.027,1.11771168424861e-197,AST-M3,Astrocyte
4.82167286850003e-129,3.73119233519359,0.446,0.076,1.92866914740001e-128,AST-M1,Astrocyte
1.58025657437202e-85,3.45383495628686,0.395,0.114,6.3210262974881e-85,AST-M2,Astrocyte
3.14802382681487e-30,1.18045634898375,0.432,0.273,1.25920953072595e-29,AST-M4,Astrocyte
