p_val,avg_log2FC,pct.1,pct.2,p_val_adj,module,group
2.97690652942627e-51,1.14403471901013,0.483,0.279,1.48845326471314e-50,INH-M3,Inhibitory
1.26715615182788e-35,-0.765738939981064,0.315,0.502,6.33578075913938e-35,INH-M2,Inhibitory
1.50635898157082e-16,0.661269249663255,0.418,0.317,7.53179490785408e-16,INH-M4,Inhibitory
3.16165313242768e-08,0.437264126902502,0.403,0.327,1.58082656621384e-07,INH-M1,Inhibitory
2.44071594955373e-07,0.467670894836516,0.438,0.379,1.22035797477687e-06,INH-M5,Inhibitory
