p_val,avg_log2FC,pct.1,pct.2,p_val_adj,module,group
1.45754693492543e-50,1.14363768305458,0.476,0.273,8.7452816095526e-50,INH-M2,Inhibitory
5.70719877759429e-41,-0.831268472113625,0.304,0.506,3.42431926655658e-40,INH-M1,Inhibitory
4.38192974455812e-29,0.841357301154794,0.452,0.304,2.62915784673487e-28,INH-M6,Inhibitory
1.61765929558991e-10,0.524104444732733,0.409,0.331,9.70595577353947e-10,INH-M4,Inhibitory
6.35332533916523e-10,0.466667659204706,0.44,0.361,3.81199520349914e-09,INH-M5,Inhibitory
1.94430348245105e-07,0.429302879163495,0.408,0.336,1.16658208947063e-06,INH-M3,Inhibitory
