p_val,avg_log2FC,pct.1,pct.2,p_val_adj,module,group
7.26363730830681e-77,4.64514603731169,0.432,0.062,1.45272746166136e-76,MIC-M1,Microglia
1.96369449350304e-51,3.45106682840391,0.378,0.092,3.92738898700607e-51,MIC-M2,Microglia
