p_val,avg_log2FC,pct.1,pct.2,p_val_adj,module,group
2.19403915551472e-270,7.56716605585662,0.441,0.006,6.58211746654415e-270,OLI-M2,Oligodendrocyte
2.00279286346527e-192,4.18348137035424,0.441,0.09,6.0083785903958e-192,OLI-M3,Oligodendrocyte
0.00187331787914935,0.342485489817915,0.499,0.476,0.00561995363744804,OLI-M1,Oligodendrocyte
