p_val,avg_log2FC,pct.1,pct.2,p_val_adj,module,group
0,4.4562269744452,0.558,0.039,0,AST-M3,Astrocyte
3.41014565642388e-194,3.08673466610356,0.44,0.13,1.36405826256955e-193,AST-M2,Astrocyte
2.3938914447247e-188,3.02085722463872,0.454,0.149,9.5755657788988e-188,AST-M4,Astrocyte
6.62610205859532e-47,0.796445203235074,0.417,0.249,2.65044082343813e-46,AST-M1,Astrocyte
