p_val,avg_log2FC,pct.1,pct.2,p_val_adj,module,group
1.66660044699067e-56,2.81333950446817,0.423,0.113,4.99980134097201e-56,MIC-M2,Microglia
5.34063660091906e-37,1.44339578070604,0.467,0.197,1.60219098027572e-36,MIC-M1,Microglia
7.92288510620014e-07,1.27696455224496,0.139,0.072,2.37686553186004e-06,MIC-M3,Microglia
