p_val,avg_log2FC,pct.1,pct.2,p_val_adj,module,group
0,2.43301703993233,0.502,0.109,0,OLI-M4,Oligodendrocyte
1.37396471165029e-87,1.0446746617297,0.361,0.2,5.49585884660116e-87,OLI-M3,Oligodendrocyte
1.34005150262469e-23,0.501877218612522,0.335,0.254,5.36020601049874e-23,OLI-M2,Oligodendrocyte
0.0512938159772512,-0.229764795591963,0.356,0.361,0.205175263909005,OLI-M1,Oligodendrocyte
