p_val,avg_log2FC,pct.1,pct.2,p_val_adj,module,group
0,-1.81712227533113,0.15,0.467,0,INH-M1,Inhibitory
1.7204146563569e-285,-1.17738288254087,0.228,0.448,1.54837319072121e-284,INH-M8,Inhibitory
2.73562860881853e-238,-1.0400951578881,0.209,0.41,2.46206574793667e-237,INH-M6,Inhibitory
1.78379987257354e-233,-1.05180479874724,0.22,0.416,1.60541988531619e-232,INH-M4,Inhibitory
6.80466814024116e-232,-1.15336007347726,0.2,0.393,6.12420132621704e-231,INH-M5,Inhibitory
3.28693832081000e-205,-0.972418835738772,0.214,0.397,2.958244488729e-204,INH-M3,Inhibitory
9.6220478791872e-184,-1.05169148342141,0.192,0.361,8.65984309126848e-183,INH-M2,Inhibitory
4.8261792824086e-181,-0.875059083805602,0.234,0.409,4.34356135416774e-180,INH-M9,Inhibitory
4.27945191946308e-150,-1.02776442297321,0.178,0.324,3.85150672751677e-149,INH-M7,Inhibitory
